id,title,content,member_id,category,start_date,end_date,created_at
7,Title 7,This is the content of article 7,user130,1,2025-03-13,2027-12-16,2022-04-12 2:13
8,Title 8,This is the content of article 8,user168,7,2022-05-17,2026-10-28,2024-08-04 12:33
9,Title 9,This is the content of article 9,user193,1,2023-03-14,2026-02-02,2020-10-13 0:16
10,Title 10,This is the content of article 10,user059,2,2024-03-29,2027-03-09,2024-12-21 2:49
11,Title 11,This is the content of article 11,user051,4,2023-04-07,2028-01-09,2024-02-24 16:55
12,Title 12,This is the content of article 12,user106,8,2025-07-19,2029-05-18,2023-07-26 7:59
13,Title 13,This is the content of article 13,user173,6,2023-10-12,2027-09-03,2021-03-17 14:25
14,Title 14,This is the content of article 14,user190,4,2023-06-02,2026-07-28,2022-01-08 23:21
15,Title 15,This is the content of article 15,user172,7,2021-07-06,2027-09-24,2024-07-10 6:33
16,Title 16,This is the content of article 16,user024,7,2021-07-16,2027-09-04,2022-09-25 18:55
17,Title 17,This is the content of article 17,user166,1,2024-05-11,2026-12-10,2024-12-07 12:41
18,Title 18,This is the content of article 18,user190,7,2024-07-24,2027-10-13,2020-04-06 10:34
19,Title 19,This is the content of article 19,user159,2,2025-05-24,2026-04-24,2021-10-10 3:34
20,Title 20,This is the content of article 20,user040,6,2022-03-25,2027-08-13,2021-02-07 4:38
21,Title 21,This is the content of article 21,user088,1,2021-12-12,2028-10-12,2023-04-09 8:09
22,Title 22,This is the content of article 22,user081,4,2025-05-24,2026-11-02,2021-03-28 5:18
23,Title 23,This is the content of article 23,user081,8,2024-03-13,2029-06-09,2021-05-10 17:58
24,Title 24,This is the content of article 24,user041,9,2020-11-16,2026-04-26,2020-05-16 6:51
25,Title 25,This is the content of article 25,user039,2,2022-03-05,2027-11-22,2024-07-19 22:22
26,Title 26,This is the content of article 26,user087,1,2023-09-05,2027-07-05,2020-01-27 15:11
27,Title 27,This is the content of article 27,user089,4,2023-11-09,2029-07-23,2022-10-17 11:13
28,Title 28,This is the content of article 28,user164,8,2023-01-28,2027-01-13,2023-11-03 16:31
29,Title 29,This is the content of article 29,user044,3,2025-09-20,2026-06-27,2021-12-10 17:20
30,Title 30,This is the content of article 30,user131,1,2024-08-07,2029-06-25,2023-08-10 21:28
31,Title 31,This is the content of article 31,user135,7,2022-07-20,2029-07-08,2024-12-03 8:07
32,Title 32,This is the content of article 32,user060,9,2021-01-16,2026-01-19,2023-08-02 7:14
33,Title 33,This is the content of article 33,user184,2,2023-05-16,2029-09-16,2020-05-08 17:16
34,Title 34,This is the content of article 34,user199,7,2023-01-21,2026-11-06,2020-04-08 13:25
35,Title 35,This is the content of article 35,user053,7,2022-02-02,2027-08-22,2023-07-06 20:27
36,Title 36,This is the content of article 36,user182,4,2020-12-29,2026-01-23,2022-10-26 11:46
37,Title 37,This is the content of article 37,user055,4,2022-02-01,2026-12-04,2024-10-16 21:28
38,Title 38,This is the content of article 38,user020,4,2021-06-08,2026-06-01,2024-04-12 1:50
39,Title 39,This is the content of article 39,user177,9,2024-02-22,2027-08-29,2024-04-08 10:29
40,Title 40,This is the content of article 40,user049,6,2024-01-30,2026-08-10,2020-03-16 12:00
41,Title 41,This is the content of article 41,user070,8,2021-02-15,2025-10-30,2023-01-11 12:45
42,Title 42,This is the content of article 42,user111,7,2024-10-18,2028-02-13,2021-12-04 3:35
43,Title 43,This is the content of article 43,user048,7,2025-05-08,2027-12-07,2024-02-01 1:51
44,Title 44,This is the content of article 44,user151,1,2023-10-20,2027-05-27,2023-07-20 18:35
45,Title 45,This is the content of article 45,user037,10,2021-07-08,2029-05-10,2020-08-26 11:32
46,Title 46,This is the content of article 46,user100,6,2022-07-21,2027-10-31,2023-03-19 14:18
47,Title 47,This is the content of article 47,user052,7,2024-05-02,2028-01-12,2021-03-14 23:15
48,Title 48,This is the content of article 48,user170,10,2023-06-26,2027-10-28,2023-08-01 4:44
49,Title 49,This is the content of article 49,user086,9,2021-08-23,2026-11-30,2024-05-11 13:21
50,Title 50,This is the content of article 50,user079,6,2020-11-28,2026-05-09,2020-11-19 22:55
51,Title 51,This is the content of article 51,user023,3,2025-06-09,2028-03-09,2020-05-27 2:24
52,Title 52,This is the content of article 52,user127,7,2024-07-01,2028-11-11,2023-08-28 1:13
53,Title 53,This is the content of article 53,user099,7,2023-11-14,2026-07-31,2023-09-15 14:03
54,Title 54,This is the content of article 54,user022,10,2022-04-23,2026-12-22,2023-01-02 13:01
55,Title 55,This is the content of article 55,user173,8,2022-01-25,2027-05-03,2024-04-19 3:50
56,Title 56,This is the content of article 56,user086,7,2024-11-01,2027-11-04,2020-02-07 13:22
57,Title 57,This is the content of article 57,user011,3,2024-01-30,2029-07-28,2024-12-14 19:40
58,Title 58,This is the content of article 58,user176,8,2024-07-24,2029-04-08,2023-01-12 5:04
59,Title 59,This is the content of article 59,user086,1,2022-03-07,2027-08-01,2023-01-27 6:57
60,Title 60,This is the content of article 60,user015,3,2023-06-03,2029-08-08,2023-05-13 16:43
61,Title 61,This is the content of article 61,user141,4,2025-08-21,2025-12-24,2020-10-04 2:19
62,Title 62,This is the content of article 62,user168,4,2021-10-26,2027-09-24,2023-05-09 22:08
63,Title 63,This is the content of article 63,user080,3,2021-03-30,2028-10-18,2022-08-13 10:40
64,Title 64,This is the content of article 64,user125,6,2022-01-16,2026-02-02,2022-04-23 18:22
65,Title 65,This is the content of article 65,user074,4,2021-01-03,2028-05-03,2023-01-09 15:30
66,Title 66,This is the content of article 66,user129,10,2022-02-09,2027-01-29,2022-04-15 8:57
67,Title 67,This is the content of article 67,user032,8,2021-02-10,2028-12-18,2023-07-18 8:01
68,Title 68,This is the content of article 68,user079,10,2022-02-24,2026-01-30,2021-09-19 22:05
69,Title 69,This is the content of article 69,user135,5,2022-10-26,2029-06-29,2022-07-28 21:53
70,Title 70,This is the content of article 70,user083,6,2021-03-08,2029-07-31,2021-12-10 16:54
71,Title 71,This is the content of article 71,user042,4,2023-10-04,2028-10-25,2021-09-16 8:04
72,Title 72,This is the content of article 72,user041,4,2025-07-28,2026-11-02,2021-08-11 1:44
73,Title 73,This is the content of article 73,user144,2,2021-05-04,2027-12-14,2020-03-08 21:34
74,Title 74,This is the content of article 74,user076,5,2025-08-17,2029-07-23,2023-02-26 14:39
75,Title 75,This is the content of article 75,user012,7,2021-08-10,2026-08-15,2021-02-06 10:15
76,Title 76,This is the content of article 76,user055,4,2021-05-01,2026-03-04,2020-06-14 9:46
77,Title 77,This is the content of article 77,user094,1,2025-02-01,2027-02-03,2023-02-21 13:24
78,Title 78,This is the content of article 78,user056,4,2025-08-03,2025-10-31,2023-10-07 7:08
79,Title 79,This is the content of article 79,user023,6,2021-06-06,2028-03-12,2023-03-03 0:43
80,Title 80,This is the content of article 80,user147,3,2025-01-13,2029-09-16,2023-10-17 17:14
81,Title 81,This is the content of article 81,user146,8,2020-12-09,2026-12-29,2023-03-07 1:05
82,Title 82,This is the content of article 82,user162,6,2021-05-26,2027-10-22,2023-10-13 3:56
83,Title 83,This is the content of article 83,user013,1,2022-11-28,2026-04-13,2020-12-11 0:28
84,Title 84,This is the content of article 84,user161,5,2025-02-19,2025-12-25,2024-07-01 20:44
85,Title 85,This is the content of article 85,user167,3,2024-04-17,2029-01-15,2021-07-11 13:36
86,Title 86,This is the content of article 86,user151,2,2021-01-11,2026-01-28,2021-11-11 11:15
87,Title 87,This is the content of article 87,user187,10,2025-06-30,2026-09-17,2023-07-04 2:16
88,Title 88,This is the content of article 88,user137,5,2022-06-25,2027-04-23,2021-12-25 6:45
89,Title 89,This is the content of article 89,user019,10,2024-04-26,2026-05-11,2024-03-18 10:48
90,Title 90,This is the content of article 90,user065,7,2021-10-03,2027-02-04,2023-10-12 6:27
91,Title 91,This is the content of article 91,user136,3,2025-04-24,2028-12-16,2024-10-12 11:39
92,Title 92,This is the content of article 92,user005,7,2023-01-29,2026-03-16,2024-06-17 1:10
93,Title 93,This is the content of article 93,user125,4,2021-12-20,2028-04-23,2020-02-17 18:02
94,Title 94,This is the content of article 94,user090,8,2025-09-03,2026-04-11,2021-11-09 2:20
95,Title 95,This is the content of article 95,user148,1,2021-10-13,2026-05-29,2021-09-18 19:03
96,Title 96,This is the content of article 96,user134,6,2022-12-23,2029-06-24,2024-09-03 15:17
97,Title 97,This is the content of article 97,user136,8,2024-07-20,2028-01-05,2021-04-14 6:10
98,Title 98,This is the content of article 98,user196,7,2022-03-29,2027-10-06,2024-03-06 14:23
99,Title 99,This is the content of article 99,user042,2,2021-12-16,2028-01-22,2020-08-06 10:24
100,Title 100,This is the content of article 100,user154,1,2023-07-10,2026-11-07,2021-07-03 4:52
101,Title 101,This is the content of article 101,user095,8,2023-03-28,2029-05-25,2021-06-27 4:06
102,Title 102,This is the content of article 102,user111,7,2021-04-14,2029-04-25,2022-08-12 7:04
103,Title 103,This is the content of article 103,user005,1,2022-06-01,2029-09-07,2022-11-11 11:10
104,Title 104,This is the content of article 104,user041,3,2023-04-05,2028-05-06,2021-03-19 11:46
105,Title 105,This is the content of article 105,user062,7,2021-02-03,2027-05-01,2021-06-22 0:50
106,Title 106,This is the content of article 106,user155,7,2024-06-18,2027-05-24,2021-04-17 2:56
107,Title 107,This is the content of article 107,user094,9,2022-02-20,2026-11-06,2024-11-26 16:35
108,Title 108,This is the content of article 108,user003,10,2025-01-16,2028-11-13,2024-02-19 1:52
109,Title 109,This is the content of article 109,user023,8,2024-11-23,2028-10-11,2020-09-23 9:14
110,Title 110,This is the content of article 110,user017,2,2023-04-27,2028-01-21,2020-12-21 20:54
111,Title 111,This is the content of article 111,user148,3,2024-01-12,2027-04-27,2024-06-10 21:04
112,Title 112,This is the content of article 112,user123,7,2021-11-26,2028-08-14,2023-09-17 14:50
113,Title 113,This is the content of article 113,user162,1,2025-08-07,2026-01-03,2024-01-11 22:52
114,Title 114,This is the content of article 114,user133,4,2021-07-29,2029-08-05,2023-05-07 19:20
115,Title 115,This is the content of article 115,user097,9,2021-09-13,2029-05-01,2021-07-20 9:12
116,Title 116,This is the content of article 116,user126,5,2025-01-19,2027-08-18,2024-04-26 5:21
117,Title 117,This is the content of article 117,user098,4,2023-12-10,2028-06-30,2021-08-15 21:05
118,Title 118,This is the content of article 118,user142,9,2025-08-30,2029-08-31,2022-03-03 12:35
119,Title 119,This is the content of article 119,user156,2,2024-03-16,2027-06-18,2021-02-13 7:36
120,Title 120,This is the content of article 120,user060,2,2024-04-11,2026-04-03,2024-01-23 17:38
121,Title 121,This is the content of article 121,user151,7,2023-02-28,2028-08-05,2022-01-15 23:04
122,Title 122,This is the content of article 122,user196,9,2021-05-16,2026-03-29,2024-05-19 19:26
123,Title 123,This is the content of article 123,user017,4,2023-09-25,2029-06-29,2020-06-11 20:34
124,Title 124,This is the content of article 124,user166,7,2025-01-19,2028-09-12,2022-05-16 9:36
125,Title 125,This is the content of article 125,user142,10,2024-01-01,2027-10-20,2024-12-28 14:59
126,Title 126,This is the content of article 126,user153,7,2022-08-02,2025-11-01,2020-07-11 10:13
127,Title 127,This is the content of article 127,user034,6,2023-08-23,2027-06-18,2022-11-19 5:40
128,Title 128,This is the content of article 128,user093,2,2024-10-13,2026-08-20,2021-05-02 17:25
129,Title 129,This is the content of article 129,user170,2,2021-08-05,2028-12-01,2024-01-28 12:52
130,Title 130,This is the content of article 130,user153,6,2021-08-01,2029-08-13,2022-06-05 19:51
131,Title 131,This is the content of article 131,user025,7,2023-04-17,2028-07-21,2021-06-11 0:54
132,Title 132,This is the content of article 132,user081,2,2025-07-30,2029-03-22,2021-01-28 2:40
133,Title 133,This is the content of article 133,user046,4,2021-01-03,2028-12-16,2023-04-09 6:19
134,Title 134,This is the content of article 134,user105,8,2022-07-19,2025-10-31,2024-03-22 20:39
135,Title 135,This is the content of article 135,user091,5,2025-05-03,2026-06-08,2022-02-17 8:07
136,Title 136,This is the content of article 136,user199,8,2024-04-28,2029-09-14,2021-05-24 5:41
137,Title 137,This is the content of article 137,user136,10,2022-09-09,2029-02-16,2023-02-15 2:16
138,Title 138,This is the content of article 138,user066,5,2024-12-11,2027-04-21,2022-04-15 6:11
139,Title 139,This is the content of article 139,user182,5,2024-05-21,2026-12-12,2024-02-13 7:41
140,Title 140,This is the content of article 140,user009,7,2023-10-12,2029-09-11,2022-06-06 2:11
141,Title 141,This is the content of article 141,user160,1,2021-02-28,2029-09-08,2020-02-13 11:03
142,Title 142,This is the content of article 142,user199,7,2022-10-25,2026-09-26,2021-09-05 12:15
143,Title 143,This is the content of article 143,user139,3,2022-07-20,2029-05-06,2022-10-13 18:58
144,Title 144,This is the content of article 144,user162,9,2021-10-25,2025-10-14,2024-06-28 20:07
145,Title 145,This is the content of article 145,user062,6,2022-02-28,2028-01-23,2023-10-23 12:10
146,Title 146,This is the content of article 146,user186,1,2023-11-30,2028-12-29,2020-10-16 4:18
147,Title 147,This is the content of article 147,user140,7,2022-01-05,2028-12-03,2021-06-07 11:14
148,Title 148,This is the content of article 148,user111,8,2022-02-06,2028-01-30,2024-07-05 10:04
149,Title 149,This is the content of article 149,user030,6,2021-12-27,2028-10-19,2020-10-15 2:28
150,Title 150,This is the content of article 150,user179,10,2021-07-19,2029-06-12,2022-02-20 12:23
151,Title 151,This is the content of article 151,user182,7,2025-06-28,2026-10-29,2022-12-08 19:02
152,Title 152,This is the content of article 152,user022,4,2023-03-08,2027-02-23,2020-11-20 3:30
153,Title 153,This is the content of article 153,user183,5,2021-01-12,2026-03-30,2021-03-11 12:05
154,Title 154,This is the content of article 154,user184,5,2025-04-01,2029-02-04,2020-02-20 22:55
155,Title 155,This is the content of article 155,user048,10,2024-06-10,2026-09-04,2022-01-21 4:08
156,Title 156,This is the content of article 156,user042,10,2021-12-09,2026-12-01,2021-02-04 21:20
157,Title 157,This is the content of article 157,user015,5,2022-03-04,2026-07-18,2020-07-24 14:45
158,Title 158,This is the content of article 158,user069,10,2024-07-28,2026-01-22,2021-10-11 19:05
159,Title 159,This is the content of article 159,user042,2,2021-01-14,2026-07-26,2022-02-06 20:47
160,Title 160,This is the content of article 160,user132,1,2025-01-20,2028-12-01,2023-06-20 22:21
161,Title 161,This is the content of article 161,user184,2,2021-02-28,2029-06-03,2024-08-19 14:09
162,Title 162,This is the content of article 162,user078,6,2024-05-29,2026-04-27,2024-04-22 22:26
163,Title 163,This is the content of article 163,user054,9,2022-12-05,2027-06-22,2022-04-13 7:51
164,Title 164,This is the content of article 164,user003,5,2022-09-21,2029-04-23,2020-04-02 14:07
165,Title 165,This is the content of article 165,user118,10,2022-10-15,2027-11-23,2024-08-01 11:52
166,Title 166,This is the content of article 166,user128,2,2023-03-22,2026-05-05,2021-01-05 15:27
167,Title 167,This is the content of article 167,user146,2,2024-06-10,2026-09-05,2024-06-26 19:06
168,Title 168,This is the content of article 168,user133,4,2021-08-22,2025-11-29,2022-10-08 5:03
169,Title 169,This is the content of article 169,user070,7,2025-03-30,2025-12-04,2022-10-02 0:17
170,Title 170,This is the content of article 170,user171,8,2025-07-02,2027-08-24,2024-07-10 22:00
171,Title 171,This is the content of article 171,user084,6,2021-05-03,2028-01-31,2024-12-19 11:28
172,Title 172,This is the content of article 172,user075,8,2021-03-13,2028-07-29,2023-08-13 0:42
173,Title 173,This is the content of article 173,user033,5,2022-06-29,2027-05-24,2020-09-05 20:16
174,Title 174,This is the content of article 174,user010,8,2024-02-28,2029-04-29,2023-01-10 7:17
175,Title 175,This is the content of article 175,user156,5,2024-12-29,2026-07-12,2021-09-25 1:46
176,Title 176,This is the content of article 176,user104,5,2021-07-07,2025-12-19,2022-02-16 5:38
177,Title 177,This is the content of article 177,user198,10,2024-11-17,2026-02-08,2021-05-10 19:38
178,Title 178,This is the content of article 178,user168,8,2021-11-23,2029-03-25,2022-11-19 11:29
179,Title 179,This is the content of article 179,user156,2,2022-06-20,2027-05-06,2023-11-11 15:38
180,Title 180,This is the content of article 180,user106,7,2021-03-02,2026-11-23,2020-09-25 5:56
181,Title 181,This is the content of article 181,user066,4,2021-01-03,2028-07-17,2024-10-19 0:47
182,Title 182,This is the content of article 182,user036,1,2025-06-14,2027-08-11,2023-06-15 6:06
183,Title 183,This is the content of article 183,user107,8,2025-02-02,2026-09-12,2024-11-24 12:53
184,Title 184,This is the content of article 184,user071,2,2023-12-18,2026-07-15,2024-03-19 20:04
185,Title 185,This is the content of article 185,user035,2,2023-02-01,2027-10-03,2022-02-15 7:27
186,Title 186,This is the content of article 186,user054,6,2022-02-20,2027-12-09,2024-07-25 2:57
187,Title 187,This is the content of article 187,user125,1,2025-06-01,2029-07-24,2023-12-28 16:16
188,Title 188,This is the content of article 188,user025,7,2020-12-03,2025-12-22,2020-07-09 2:14
189,Title 189,This is the content of article 189,user048,4,2025-09-13,2029-09-23,2023-11-02 4:44
190,Title 190,This is the content of article 190,user023,7,2024-10-07,2028-02-05,2023-11-17 1:01
191,Title 191,This is the content of article 191,user188,6,2025-07-19,2025-11-10,2021-03-14 14:07
192,Title 192,This is the content of article 192,user162,8,2024-02-01,2025-11-20,2023-12-16 10:42
193,Title 193,This is the content of article 193,user115,1,2022-02-24,2028-07-07,2020-05-20 17:50
194,Title 194,This is the content of article 194,user156,9,2022-09-22,2027-10-07,2024-07-28 21:25
195,Title 195,This is the content of article 195,user002,2,2021-06-24,2027-08-25,2020-12-08 16:22
196,Title 196,This is the content of article 196,user200,5,2023-02-09,2029-07-19,2022-06-20 21:48
197,Title 197,This is the content of article 197,user158,10,2021-05-23,2028-05-02,2024-06-07 6:16
198,Title 198,This is the content of article 198,user155,2,2020-10-26,2028-03-15,2024-10-24 3:59
199,Title 199,This is the content of article 199,user164,6,2022-12-16,2029-02-12,2023-10-07 16:51
200,Title 200,This is the content of article 200,user106,7,2024-02-16,2028-07-22,2021-11-16 13:19
